{"cameraMode":{"drawMode":0,"name":"Shaded","section":"Shading Mode"},"sceneLighting":false,"audioPlay":false,"sceneViewState":{"showFog":false,"showMaterialUpdate":false,"showSkybox":false,"showFlares":false,"showImageEffects":false,"showParticleSystems":false},"in2DMode":false,"pivot":{"x":15.17426586151123,"y":11.786369323730469,"z":8.207925796508789},"rotation":{"x":0.0974380299448967,"y":0.8861345052719116,"z":-0.39764833450317385,"w":0.21713446080684663},"size":4.24523401260376,"orthographic":false}