{"cameraMode":{"drawMode":0,"name":"Shaded","section":"Shading Mode"},"sceneLighting":false,"audioPlay":false,"sceneViewState":{"showFog":false,"showMaterialUpdate":false,"showSkybox":false,"showFlares":false,"showImageEffects":false,"showParticleSystems":false},"in2DMode":false,"pivot":{"x":3.6494216918945314,"y":-46.25347137451172,"z":-4.231224060058594},"rotation":{"x":-0.037528280168771747,"y":0.8935354948043823,"z":-0.07605274021625519,"w":-0.4409204125404358},"size":144.7173309326172,"orthographic":false}