{"cameraMode":{"drawMode":0,"name":"Shaded","section":"Shading Mode"},"sceneLighting":false,"audioPlay":false,"sceneViewState":{"showFog":false,"showMaterialUpdate":false,"showSkybox":false,"showFlares":false,"showImageEffects":false,"showParticleSystems":false},"in2DMode":false,"pivot":{"x":11.876752853393555,"y":1.2327518463134766,"z":-74.61711883544922},"rotation":{"x":0.4068933129310608,"y":0.10105869174003601,"z":-0.045349642634391788,"w":0.9067359566688538},"size":666.5308837890625,"orthographic":false}